{"stats":{"minecraft:custom":{"minecraft:jump":18,"minecraft:time_since_rest":552,"minecraft:walk_on_water_one_cm":121,"minecraft:deaths":2,"minecraft:leave_game":2,"minecraft:play_time":6349,"minecraft:sprint_one_cm":969,"minecraft:time_since_death":528,"minecraft:walk_one_cm":8782,"minecraft:interact_with_beacon":1,"minecraft:total_world_time":12230,"minecraft:walk_under_water_one_cm":258,"minecraft:fly_one_cm":11531,"minecraft:interact_with_lectern":8},"minecraft:used":{"minecraft:glass":2,"minecraft:lectern":2,"minecraft:writable_book":7,"minecraft:diamond_block":19,"minecraft:beacon":2}},"DataVersion":3105}